Week	Date	Player	Class	Spec	Role	Main/Alt	Item
1	Feb 19	Bugatti	Druid	Feral (Bear)	Tank	Alt	Pauldrons of the Fallen Defender
1	Feb 19	Bugatti	Druid	Feral (Bear)	Tank	Alt	Chestguard of the Fallen Defender
1	Feb 19	Bungle	Druid	Restoration	Healer	Main	Cowl of Nature's Breath
1	Feb 19	Girthstorm	Druid	Feral (Bear)	Tank	Main	Leggings of the Fallen Defender
1	Feb 19	Girthstorm	Druid	Feral (Bear)	Tank	Main	Chestguard of the Fallen Defender
1	Feb 19	Throbby	Hunter	Beast Mastery	Physical DPS	Main	Gronn-Stitched Girdle
1	Feb 19	Koco	Mage	Frost	Caster DPS	Main	Brute Cloak of the Ogre-Magi
1	Feb 19	Skryt	Mage	Frost	Caster DPS	Main	Brute Cloak of the Ogre-Magi
1	Feb 19	Cash	Paladin	Retribution	Physical DPS	Main	Terror Pit Girdle
1	Feb 19	Massesto	Paladin	Protection	Tank	Main	Magtheridon's Head
1	Feb 19	Sleepyrat	Paladin	Holy	Healer	Main	Pauldrons of the Fallen Champion
1	Feb 19	Bake	Priest	Holy	Healer	Main	Magtheridon's Head
1	Feb 19	Mac	Priest	Holy	Healer	Main	Eye of Gruul
1	Feb 19	Gono	Rogue	Combat	Physical DPS	Main	Leggings of the Fallen Champion
1	Feb 19	Shawtydgaf	Rogue	Combat	Physical DPS	Main	Chestguard of the Fallen Champion
1	Feb 19	Tombradygoat	Shaman	Restoration	Healer	Main	Aegis of the Vindicator
1	Feb 19	Dil	Warlock	Affliction	Caster DPS	Main	Leggings of the Fallen Hero
1	Feb 19	Doge	Warlock	Affliction	Caster DPS	Main	Chestguard of the Fallen Hero
1	Feb 19	Xenodank	Warlock	Affliction	Caster DPS	Main	Pauldrons of the Fallen Hero
1	Feb 19	Yaske	Warlock	Affliction	Caster DPS	Main	Pauldrons of the Fallen Hero
2	Feb 24	Bungle	Druid	Restoration	Healer	Main	Chestguard of the Fallen Defender
2	Feb 24	Creek	Druid	Restoration	Healer	Main	Crystalheart Pulse-Staff
2	Feb 24	Massesto	Druid	Feral (Bear)	Tank	Alt	Leggings of the Fallen Defender
2	Feb 24	Viffer	Druid	Restoration	Healer	Main	Chestguard of the Fallen Defender
2	Feb 24	Doge	Hunter	Beast Mastery	Physical DPS	Alt	Terror Pit Girdle
2	Feb 24	Veile	Hunter	Beast Mastery	Physical DPS	Main	Gronn-Stitched Girdle
2	Feb 24	Blargn	Mage	Frost	Caster DPS	Main	Eredar Wand of Obliteration
2	Feb 24	Cash	Paladin	Retribution	Physical DPS	Main	Pauldrons of the Fallen Champion
2	Feb 24	Ebtmommy	Paladin	Protection	Tank	Main	Chestguard of the Fallen Champion
2	Feb 24	Kalihiwai	Paladin	Holy	Healer	Main	Magtheridon's Head
2	Feb 24	Keefy	Paladin	Retribution	Physical DPS	Main	Pauldrons of the Fallen Champion
2	Feb 24	Massesto	Paladin	Protection	Tank	Main	Bloodmaw Magus-Blade
2	Feb 24	Massesto	Paladin	Protection	Tank	Main	Leggings of the Fallen Champion
2	Feb 24	Pizookies	Paladin	Protection	Tank	Alt	Aldori Legacy Defender
2	Feb 24	Sleepyrat	Paladin	Holy	Healer	Main	Magtheridon's Head
2	Feb 24	Priestlynn	Priest	Shadow	Caster DPS	Main	Eye of Magtheridon
2	Feb 24	Sergo	Priest	Shadow	Caster DPS	Main	Leggings of the Fallen Defender
2	Feb 24	Elektro	Rogue	Combat	Physical DPS	Main	Leggings of the Fallen Champion
2	Feb 24	Corr	Shaman	Enhancement	Physical DPS	Alt	Maulgar's Warhelm
2	Feb 24	Dody	Shaman	Enhancement	Physical DPS	Main	Cloak of the Pit Stalker
2	Feb 24	Gono	Shaman	Enhancement	Physical DPS	Alt	Liar's Tongue Gloves
2	Feb 24	Rfx	Shaman	Enhancement	Physical DPS	Alt	Pauldrons of the Fallen Champion
2	Feb 24	Doge	Warlock	Affliction	Caster DPS	Main	Pauldrons of the Fallen Hero
2	Feb 24	Jalisco	Warlock	Affliction	Caster DPS	Main	Pauldrons of the Fallen Hero
2	Feb 24	Koco	Warlock	Affliction	Caster DPS	Alt	Pauldrons of the Fallen Hero
2	Feb 24	Valiks	Warlock	Affliction	Caster DPS	Main	Leggings of the Fallen Hero
2	Feb 24	Xenodank	Warlock	Affliction	Caster DPS	Main	Magtheridon's Head
2	Feb 24	Yaske	Warlock	Affliction	Caster DPS	Main	Leggings of the Fallen Hero
2	Feb 24	Yaske	Warlock	Affliction	Caster DPS	Main	Chestguard of the Fallen Hero
2	Feb 24	Bugatti	Warrior	Protection	Tank	Main	Aldori Legacy Defender
2	Feb 24	Corr	Warrior	Fury	Physical DPS	Main	Chestguard of the Fallen Defender
2	Feb 24	Daladed	Warrior	Fury	Physical DPS	Main	Chestguard of the Fallen Defender
2	Feb 24	Pizookies	Warrior	Fury	Physical DPS	Main	Bladespire Warbands
2	Feb 24	Vspades	Warrior	Fury	Physical DPS	Main	Bladespire Warbands
3	March 3	Bored	Druid	Feral (Bear)	Tank	Main	Chestguard of the Fallen Defender
3	March 3	Bugatti	Druid	Feral (Bear)	Tank	Alt	Leggings of the Fallen Defender
3	March 3	Bungle	Druid	Restoration	Healer	Main	Leggings of the Fallen Defender
3	March 3	Capriciousxo	Druid	Balance	Caster DPS	Main	Leggings of the Fallen Defender
3	March 3	Girthstorm	Druid	Feral (Bear)	Tank	Main	Pauldrons of the Fallen Defender
3	March 3	Skryt	Druid	Balance	Caster DPS	Alt	Leggings of the Fallen Defender
3	March 3	Whappintime	Hunter	Beast Mastery	Physical DPS	Main	Gronn-Stitched Girdle
3	March 3	Blargn	Mage	Frost	Caster DPS	Main	Brute Cloak of the Ogre-Magi
3	March 3	Blargn	Mage	Frost	Caster DPS	Main	Leggings of the Fallen Hero
3	March 3	Hazi	Mage	Frost	Caster DPS	Main	Magtheridon's Head
3	March 3	Koco	Mage	Frost	Caster DPS	Main	Eredar Wand of Obliteration
3	March 3	Lilark	Mage	Frost	Caster DPS	Main	Magtheridon's Head
3	March 3	Skryt	Mage	Frost	Caster DPS	Main	Pauldrons of the Fallen Hero
3	March 3	Skryt	Mage	Frost	Caster DPS	Main	Eredar Wand of Obliteration
3	March 3	Keefy	Paladin	Retribution	Physical DPS	Main	Girdle of the Endless Pit
3	March 3	Massesto	Paladin	Protection	Tank	Main	Chestguard of the Fallen Champion
3	March 3	Pizookies	Paladin	Protection	Tank	Alt	Pauldrons of the Fallen Champion
3	March 3	Pizookies	Paladin	Protection	Tank	Alt	Chestguard of the Fallen Champion
3	March 3	Bake	Priest	Holy	Healer	Main	Teeth of Gruul
3	March 3	Gono	Rogue	Combat	Physical DPS	Main	Chestguard of the Fallen Champion
3	March 3	Bake	Shaman	Restoration	Healer	Alt	Collar of Cho'gall
3	March 3	Barbatos	Shaman	Restoration	Healer	Main	Cowl of Nature's Breath
3	March 3	Jestin	Shaman	Restoration	Healer	Main	Aegis of the Vindicator
3	March 3	Dil	Warlock	Affliction	Caster DPS	Main	Pauldrons of the Fallen Hero
3	March 3	Dil	Warlock	Affliction	Caster DPS	Main	Chestguard of the Fallen Hero
3	March 3	Sablewright	Warlock	Affliction	Caster DPS	Main	Magtheridon's Head
3	March 3	Corr	Warrior	Fury	Physical DPS	Main	Bladespire Warbands
3	March 3	Pizookies	Warrior	Fury	Physical DPS	Main	Gauntlets of Martial Perfection
3	March 3	Vspades	Warrior	Fury	Physical DPS	Main	Chestguard of the Fallen Defender
4	March 10	Bored	Druid	Feral (Bear)	Tank	Main	Pauldrons of the Fallen Defender
4	March 10	Bungle	Druid	Restoration	Healer	Main	Chestguard of the Fallen Defender
4	March 10	Capriciousxo	Druid	Balance	Caster DPS	Main	Cowl of Nature's Breath
4	March 10	Lebearjames	Druid	Feral (Bear)	Tank	Main	Leggings of the Fallen Defender
4	March 10	Byung	Hunter	Beast Mastery	Physical DPS	Main	Gronn-Stitched Girdle
4	March 10	Koco	Mage	Frost	Caster DPS	Main	Leggings of the Fallen Hero
4	March 10	Lilark	Mage	Frost	Caster DPS	Main	Eredar Wand of Obliteration
4	March 10	Cash	Paladin	Retribution	Physical DPS	Main	Bladespire Warbands
4	March 10	Kalihiwai	Paladin	Holy	Healer	Main	Hammer of the Naaru
4	March 10	Kalihiwai	Paladin	Holy	Healer	Main	Terror Pit Girdle
4	March 10	Sleepyrat	Paladin	Holy	Healer	Main	Aldori Legacy Defender
4	March 10	Sleepyrat	Paladin	Holy	Healer	Main	Aegis of the Vindicator
4	March 10	Priestlynn	Priest	Shadow	Caster DPS	Main	Magtheridon's Head
4	March 10	Sergo	Priest	Shadow	Caster DPS	Main	Magtheridon's Head
4	March 10	Zephleo	Priest	Shadow	Caster DPS	Main	Chestguard of the Fallen Defender
4	March 10	Barbatos	Shaman	Restoration	Healer	Main	Teeth of Gruul
4	March 10	Bonclay	Shaman	Restoration	Healer	Main	Pauldrons of the Fallen Champion
4	March 10	Dody	Shaman	Enhancement	Physical DPS	Main	Pauldrons of the Fallen Champion
4	March 10	Haanii	Shaman	Elemental	Caster DPS	Main	Windshear Boots
4	March 10	Jestin	Shaman	Restoration	Healer	Main	Leggings of the Fallen Champion
4	March 10	Dil	Warlock	Affliction	Caster DPS	Main	Magtheridon's Head
4	March 10	Doge	Warlock	Affliction	Caster DPS	Main	Leggings of the Fallen Hero
4	March 10	Jalisco	Warlock	Affliction	Caster DPS	Main	Chestguard of the Fallen Hero
4	March 10	Valiks	Warlock	Affliction	Caster DPS	Main	Pauldrons of the Fallen Hero
4	March 10	Xenodank	Warlock	Affliction	Caster DPS	Main	Eredar Wand of Obliteration
4	March 10	Mhm	Warrior	Fury	Physical DPS	Main	Chestguard of the Fallen Defender
4	March 10	Pizookies	Warrior	Fury	Physical DPS	Main	Chestguard of the Fallen Defender
4	March 10	Rfx	Warrior	Fury	Physical DPS	Main	Pauldrons of the Fallen Defender
4	March 10	Vspades	Warrior	Fury	Physical DPS	Main	Girdle of the Endless Pit
5	March 17	Bored	Druid	Feral (Bear)	Tank	Main	Leggings of the Fallen Defender
5	March 17	Capriciousxo	Druid	Balance	Caster DPS	Main	Magtheridon's Head
5	March 17	Lebearjames	Druid	Feral (Bear)	Tank	Main	Chestguard of the Fallen Defender
5	March 17	Massesto	Druid	Feral (Bear)	Tank	Alt	Chestguard of the Fallen Defender
5	March 17	Viffer	Druid	Restoration	Healer	Main	Cowl of Nature's Breath
5	March 17	Cash	Hunter	Beast Mastery	Physical DPS	Alt	Gauntlets of the Dragonslayer
5	March 17	Doge	Hunter	Beast Mastery	Physical DPS	Alt	Gronn-Stitched Girdle
5	March 17	Whappintime	Hunter	Beast Mastery	Physical DPS	Main	Magtheridon's Head
5	March 17	Hazi	Mage	Frost	Caster DPS	Main	Pauldrons of the Fallen Hero
5	March 17	Skryt	Mage	Frost	Caster DPS	Main	Magtheridon's Head
5	March 17	Skryt	Mage	Frost	Caster DPS	Main	Karaborian Talisman
5	March 17	Cash	Paladin	Retribution	Physical DPS	Main	Chestguard of the Fallen Champion
5	March 17	Ebtmommy	Paladin	Protection	Tank	Main	Pauldrons of the Fallen Champion
5	March 17	Massesto	Paladin	Protection	Tank	Main	Eye of Magtheridon
5	March 17	Shmoo	Priest	Holy	Healer	Main	Eye of Gruul
5	March 17	Zephleo	Priest	Shadow	Caster DPS	Main	Belt of Divine Inspiration
5	March 17	Bonclay	Shaman	Restoration	Healer	Main	Aegis of the Vindicator
5	March 17	Haanii	Shaman	Elemental	Caster DPS	Main	Leggings of the Fallen Champion
5	March 17	Rfx	Shaman	Enhancement	Physical DPS	Alt	Liar's Tongue Gloves
5	March 17	Skryt	Shaman	Restoration	Healer	Alt	Chestguard of the Fallen Champion
5	March 17	Daladed	Warlock	Affliction	Caster DPS	Alt	Pauldrons of the Fallen Hero
5	March 17	Daladed	Warlock	Affliction	Caster DPS	Alt	Chestguard of the Fallen Hero
5	March 17	Dumpsterbob	Warlock	Affliction	Caster DPS	Main	Leggings of the Fallen Hero
5	March 17	Koco	Warlock	Affliction	Caster DPS	Alt	Leggings of the Fallen Hero
5	March 17	Corr	Warrior	Fury	Physical DPS	Main	Pauldrons of the Fallen Defender
5	March 17	Daladed	Warrior	Fury	Physical DPS	Main	Pauldrons of the Fallen Defender
5	March 17	Daladed	Warrior	Fury	Physical DPS	Main	Bladespire Warbands
5	March 17	Pizookies	Warrior	Fury	Physical DPS	Main	Pauldrons of the Fallen Defender
5	March 17	Rfx	Warrior	Fury	Physical DPS	Main	Chestguard of the Fallen Defender
6	March 24	Creek	Druid	Restoration	Healer	Main	Chestguard of the Fallen Defender
6	March 24	Creek	Druid	Restoration	Healer	Main	Leggings of the Fallen Defender
6	March 24	Cash	Hunter	Beast Mastery	Physical DPS	Alt	Gronn-Stitched Girdle
6	March 24	Chainsaw	Hunter	Beast Mastery	Physical DPS	Main	Magtheridon's Head
6	March 24	Whappintime	Hunter	Beast Mastery	Physical DPS	Main	Pauldrons of the Fallen Hero
6	March 24	Whappintime	Hunter	Beast Mastery	Physical DPS	Main	Leggings of the Fallen Hero
6	March 24	Hazi	Mage	Frost	Caster DPS	Main	Karaborian Talisman
6	March 24	Koco	Mage	Frost	Caster DPS	Main	Pauldrons of the Fallen Hero
6	March 24	Cash	Paladin	Retribution	Physical DPS	Main	Girdle of the Endless Pit
6	March 24	Keefy	Paladin	Retribution	Physical DPS	Main	Chestguard of the Fallen Champion
6	March 24	Massesto	Paladin	Protection	Tank	Main	Pauldrons of the Fallen Champion
6	March 24	Sleepyrat	Paladin	Holy	Healer	Main	Chestguard of the Fallen Champion
6	March 24	Sleepyrat	Paladin	Holy	Healer	Main	Hammer of the Naaru
6	March 24	Sergo	Priest	Shadow	Caster DPS	Main	Eye of Magtheridon
6	March 24	Shmoo	Priest	Holy	Healer	Main	Teeth of Gruul
6	March 24	Zephleo	Priest	Shadow	Caster DPS	Main	Eye of Magtheridon
6	March 24	Barbatos	Shaman	Restoration	Healer	Main	Windshear Boots
6	March 24	Dody	Shaman	Enhancement	Physical DPS	Main	Leggings of the Fallen Champion
6	March 24	Dody	Shaman	Enhancement	Physical DPS	Main	Hammer of the Naaru
6	March 24	Gono	Shaman	Enhancement	Physical DPS	Alt	Cowl of Nature's Breath
6	March 24	Skryt	Shaman	Restoration	Healer	Alt	Pauldrons of the Fallen Champion
6	March 24	Doge	Warlock	Affliction	Caster DPS	Main	Magtheridon's Head
6	March 24	Dumpsterbob	Warlock	Affliction	Caster DPS	Main	Chestguard of the Fallen Hero
6	March 24	Sablewright	Warlock	Affliction	Caster DPS	Main	Pauldrons of the Fallen Hero
6	March 24	Valiks	Warlock	Affliction	Caster DPS	Main	Magtheridon's Head
6	March 24	Vspades	Warlock	Affliction	Caster DPS	Alt	Chestguard of the Fallen Hero
6	March 24	Daladed	Warrior	Fury	Physical DPS	Main	Dragonspine Trophy
6	March 24	Mhm	Warrior	Fury	Physical DPS	Main	Cloak of the Pit Stalker
6	March 24	Pizookies	Warrior	Fury	Physical DPS	Main	Girdle of the Endless Pit
6	March 24	Rfx	Warrior	Fury	Physical DPS	Main	Bladespire Warbands
7	March 31	Bungle	Druid	Restoration	Healer	Main	Liar's Tongue Gloves
7	March 31	Creek	Druid	Restoration	Healer	Main	Teeth of Gruul
7	March 31	Viffer	Druid	Restoration	Healer	Main	Teeth of Gruul
7	March 31	Viffer	Druid	Restoration	Healer	Main	Crystalheart Pulse-Staff
7	March 31	Byung	Hunter	Beast Mastery	Physical DPS	Main	Magtheridon's Head
7	March 31	Glzy	Hunter	Beast Mastery	Physical DPS	Main	Gronn-Stitched Girdle
7	March 31	Veile	Hunter	Beast Mastery	Physical DPS	Main	Magtheridon's Head
7	March 31	Hazi	Mage	Frost	Caster DPS	Main	Brute Cloak of the Ogre-Magi
7	March 31	Hazi	Mage	Frost	Caster DPS	Main	Leggings of the Fallen Hero
7	March 31	Lilark	Mage	Frost	Caster DPS	Main	Brute Cloak of the Ogre-Magi
7	March 31	Kalihiwai	Paladin	Holy	Healer	Main	Aldori Legacy Defender
7	March 31	Keefy	Paladin	Retribution	Physical DPS	Main	Leggings of the Fallen Champion
7	March 31	Sergo	Priest	Shadow	Caster DPS	Main	Soul-Eater's Handwraps
7	March 31	Elektro	Rogue	Combat	Physical DPS	Main	Chestguard of the Fallen Champion
7	March 31	Atraeha	Shaman	Restoration	Healer	Main	Pauldrons of the Fallen Champion
7	March 31	Case	Shaman	Enhancement	Physical DPS	Main	Chestguard of the Fallen Champion
7	March 31	Elektro	Shaman	Elemental	Caster DPS	Main	Windshear Boots
7	March 31	Gono	Shaman	Enhancement	Physical DPS	Alt	Chestguard of the Fallen Champion
7	March 31	Gono	Shaman	Enhancement	Physical DPS	Alt	Leggings of the Fallen Champion
7	March 31	Gono	Shaman	Enhancement	Physical DPS	Alt	Terror Pit Girdle
7	March 31	Sleepyrat	Shaman	Enhancement	Physical DPS	Alt	Pauldrons of the Fallen Champion
7	March 31	Yaske	Warlock	Affliction	Caster DPS	Main	Eredar Wand of Obliteration
8	April 7	Bugatti	Druid	Feral (Bear)	Tank	Alt	Cloak of the Pit Stalker
8	April 7	Capriciousxo	Druid	Balance	Caster DPS	Main	Pauldrons of the Fallen Defender
8	April 7	Lebearjames	Druid	Feral (Bear)	Tank	Main	Pauldrons of the Fallen Defender
8	April 7	Massesto	Druid	Feral (Bear)	Tank	Alt	Pauldrons of the Fallen Defender
8	April 7	Cash	Hunter	Beast Mastery	Physical DPS	Alt	Magtheridon's Head
8	April 7	Glzy	Hunter	Beast Mastery	Physical DPS	Main	Magtheridon's Head
8	April 7	Bored	Mage	Frost	Caster DPS	Alt	Chestguard of the Fallen Hero
8	April 7	Kalihiwai	Paladin	Holy	Healer	Main	Gauntlets of the Dragonslayer
8	April 7	Sleepyrat	Paladin	Holy	Healer	Main	Chestguard of the Fallen Champion
8	April 7	Sleepyrat	Paladin	Holy	Healer	Main	Eye of Magtheridon
8	April 7	Skryt	Shaman	Restoration	Healer	Alt	Teeth of Gruul
8	April 7	Tombradygoat	Shaman	Restoration	Healer	Main	Magtheridon's Head
8	April 7	Doge	Warlock	Affliction	Caster DPS	Main	Bloodmaw Magus-Blade
8	April 7	Massesto	Warlock	Affliction	Caster DPS	Alt	Karaborian Talisman
8	April 7	Sablewright	Warlock	Affliction	Caster DPS	Main	Chestguard of the Fallen Hero
8	April 7	Sweetmeat	Warlock	Affliction	Caster DPS	Main	Leggings of the Fallen Hero
8	April 7	Xenodank	Warlock	Affliction	Caster DPS	Main	Chestguard of the Fallen Hero
8	April 7	Corr	Warrior	Fury	Physical DPS	Main	Girdle of the Endless Pit
8	April 7	Daladed	Warrior	Fury	Physical DPS	Main	Girdle of the Endless Pit
8	April 7	DIsrespect	Warrior	Fury	Physical DPS	Main	Leggings of the Fallen Defender
8	April 7	Rfx	Warrior	Fury	Physical DPS	Main	Gauntlets of Martial Perfection
8	April 7	Vspades	Warrior	Fury	Physical DPS	Main	Pauldrons of the Fallen Defender
8	April 7	Vspades	Warrior	Fury	Physical DPS	Main	Dragonspine Trophy
9	April 14	Dommymommy	Druid	Restoration	Healer	Main	Pauldrons of the Fallen Defender
9	April 14	Dommymommy	Druid	Restoration	Healer	Main	Leggings of the Fallen Defender
9	April 14	Doomqt	Druid	Balance	Caster DPS	Main	Magtheridon's Head
9	April 14	Doomqt	Druid	Balance	Caster DPS	Main	Pauldrons of the Fallen Defender
9	April 14	Lebearjames	Druid	Feral (Bear)	Tank	Main	Leggings of the Fallen Defender
9	April 14	Skryt	Druid	Balance	Caster DPS	Alt	Magtheridon's Head
9	April 14	Blargn	Mage	Frost	Caster DPS	Main	Bloodmaw Magus-Blade
9	April 14	Hazi	Mage	Frost	Caster DPS	Main	Bloodmaw Magus-Blade
9	April 14	Lilark	Mage	Frost	Caster DPS	Main	Pauldrons of the Fallen Hero
9	April 14	Elusivegod	Paladin	Retribution	Physical DPS	Main	Leggings of the Fallen Champion
9	April 14	Elusivegod	Paladin	Retribution	Physical DPS	Main	Bladespire Warbands
9	April 14	Glzy	Paladin	Retribution	Physical DPS	Alt	Leggings of the Fallen Champion
9	April 14	Glzy	Paladin	Retribution	Physical DPS	Alt	Bladespire Warbands
9	April 14	Kalihiwai	Paladin	Holy	Healer	Main	Leggings of the Fallen Champion
9	April 14	Kalihiwai	Paladin	Holy	Healer	Main	Pauldrons of the Fallen Champion
9	April 14	Sleepyrat	Paladin	Holy	Healer	Main	Chestguard of the Fallen Champion
9	April 14	Subforfeet	Paladin	Holy	Healer	Main	Aldori Legacy Defender
9	April 14	Subforfeet	Paladin	Holy	Healer	Main	Leggings of the Fallen Champion
9	April 14	Bake	Shaman	Restoration	Healer	Alt	Aegis of the Vindicator
9	April 14	Barbatos	Shaman	Restoration	Healer	Main	Magtheridon's Head
9	April 14	Corr	Shaman	Enhancement	Physical DPS	Alt	Pauldrons of the Fallen Champion
9	April 14	Elektro	Shaman	Elemental	Caster DPS	Main	Soul-Eater's Handwraps
9	April 14	Gono	Shaman	Enhancement	Physical DPS	Alt	Pauldrons of the Fallen Champion
9	April 14	Massesto	Warlock	Affliction	Caster DPS	Alt	Chestguard of the Fallen Hero
9	April 14	Valiks	Warlock	Affliction	Caster DPS	Main	Karaborian Talisman
9	April 14	Valiks	Warlock	Affliction	Caster DPS	Main	Chestguard of the Fallen Hero
10	April 21	Zephleo	Druid	Balance	Caster DPS	Alt	Soul-Eater's Handwraps
10	April 21	Zephleo	Druid	Balance	Caster DPS	Alt	Leggings of the Fallen Defender
10	April 21	HotforSenpai	Priest	Holy	Healer	Main	Teeth of Gruul
10	April 21	Jestin	Shaman	Restoration	Healer	Main	Magtheridon's Head
10	April 21	Keefy	Shaman	Enhancement	Physical DPS	Alt	Pauldrons of the Fallen Champion
10	April 21	Dumpsterbob	Warlock	Affliction	Caster DPS	Main	Magtheridon's Head
10	April 21	Bugatti	Warrior	Protection	Tank	Main	Pauldrons of the Fallen Defender
10	April 21	Vspades	Warrior	Fury	Physical DPS	Main	Gauntlets of Martial Perfection
11	April 28	Capriciousxo	Druid	Balance	Caster DPS	Main	Chestguard of the Fallen Defender
11	April 28	Fishynethers	Druid	Restoration	Healer	Main	Chestguard of the Fallen Defender
11	April 28	Cash	Hunter	Beast Mastery	Physical DPS	Alt	Dragonspine Trophy
11	April 28	Glzy	Hunter	Beast Mastery	Physical DPS	Main	Pauldrons of the Fallen Hero
11	April 28	Glzy	Hunter	Beast Mastery	Physical DPS	Main	Chestguard of the Fallen Hero
11	April 28	Whappintime	Hunter	Beast Mastery	Physical DPS	Main	Pauldrons of the Fallen Hero
11	April 28	Hazi	Mage	Frost	Caster DPS	Main	Eredar Wand of Obliteration
11	April 28	Glzy	Paladin	Holy	Healer	Alt	Aldori Legacy Defender
11	April 28	Glzy	Paladin	Holy	Healer	Alt	Pauldrons of the Fallen Champion
11	April 28	Keefy	Paladin	Retribution	Physical DPS	Main	Chestguard of the Fallen Champion
11	April 28	Keefy	Paladin	Retribution	Physical DPS	Main	Pauldrons of the Fallen Champion
11	April 28	Subforfeet	Paladin	Holy	Healer	Main	Leggings of the Fallen Champion
11	April 28	Mac	Priest	Holy	Healer	Main	Magtheridon's Head
11	April 28	Keefy	Shaman	Enhancement	Physical DPS	Alt	Leggings of the Fallen Champion
11	April 28	Sleepyrat	Shaman	Enhancement	Physical DPS	Alt	Liar's Tongue Gloves
11	April 28	Tombradygoat	Shaman	Restoration	Healer	Main	Eye of Gruul
11	April 28	Daladed	Warlock	Affliction	Caster DPS	Alt	Magtheridon's Head
11	April 28	Dil	Warlock	Affliction	Caster DPS	Main	Eredar Wand of Obliteration
11	April 28	Jalisco	Warlock	Affliction	Caster DPS	Main	Magtheridon's Head
11	April 28	Xenodank	Warlock	Affliction	Caster DPS	Main	Leggings of the Fallen Hero
11	April 28	Yamz	Warlock	Affliction	Caster DPS	Main	Pauldrons of the Fallen Hero
11	April 28	Yaske	Warlock	Affliction	Caster DPS	Main	Collar of Cho'gall
12	May 5	HotforSenpai	Priest	Holy	Healer	Main	Eye of Gruul
12	May 5	Zephleo	Druid	Balance	Caster DPS	Alt	Magtheridon's Head
12	May 5	Kayotics	Warlock	Affliction	Caster DPS	Main	Pauldrons of the Fallen Hero
12	May 5	Koco	Warlock	Affliction	Caster DPS	Alt	Eredar Wand of Obliteration
12	May 5	Subforfeet	Paladin	Holy	Healer	Main	Leggings of the Fallen Champion
12	May 5	DIsrespect	Warrior	Fury	Physical DPS	Main	Chestguard of the Fallen Defender
12	May 5	Zephleo	Druid	Balance	Caster DPS	Alt	Pauldrons of the Fallen Defender
12	May 5	Bugatti	Druid	Feral (Bear)	Tank	Alt	Chestguard of the Fallen Champion
12	May 5	Valiks	Warlock	Affliction	Caster DPS	Main	Soul-Eater's Handwraps
12	May 5	Bungle	Druid	Restoration	Healer	Main	Glaive of the Pit
12	May 5	Bugatti	Druid	Feral (Bear)	Tank	Alt	Chestguard of the Fallen Hero
12	May 5	Koco	Warlock	Affliction	Caster DPS	Alt	Magtheridon's Head
12	May 5	Bugatti	Paladin	Holy	Healer	Alt	Chestguard of the Fallen Hero
12	May 5	Lebearjames	Druid	Feral (Bear)	Tank	Main	Crystalheart Pulse-Staff
12	May 5	Bugatti	Paladin	Holy	Healer	Alt	Terror Pit Girdle
12	May 5	Capriciousxo	Druid	Balance	Caster DPS	Main	Chestguard of the Fallen Defender
12	May 5	Bored	Mage	Frost	Caster DPS	Alt	Magtheridon's Head
